game,name,hp,hpregen,pp,ppregen,ATT,DEF,AGI,LCK,turns,venuspower,mercurypower,marspower,jupiterpower,venusresist,mercuryresist,marsresist,jupiterresist,abilities,reward,location
2;Ruffian;29;0;0;0;24;6;11;3;1;100;100;100;100;100;100;100;100;Attack;5 EXP , 5 Coins , Herb (ICC 1);(0) (1)
2;Punch Ant;26;0;0;0;26;8;6;2;1;95;85;90;85;48;48;25;48;Attack;5 EXP , 6 Coins , Smoke Bomb (ICC 6);(2) (3) (4)
2;Giant Bat;32;0;0;0;30;6;22;1;1;95;95;95;110;127;72;48;7;Attack, Sonic Wave;6 EXP , 6 Coins , Herb (ICC 5);(3) (4) (5)
2;Wild Wolf;45;0;0;0;34;8;13;4;1;100;80;70;80;48;48;25;72;Attack, Fatal Fang;7 EXP , 7 Coins , Herb (ICC 5);(3) (4) (5) (7)
2;Mimic #1;207;0;12;0;47;12;23;15;1;95;100;75;105;100;127;25;152;Attack, Slash, Debilitate, Sleep, Psy Drain;64 EXP , 46 Coins , Game Ticket (ICC 1);(4)
2;Angle Worm;37;0;0;0;40;9;14;1;1;95;85;90;85;48;48;25;48;Attack, Angle Spike;12 EXP , 10 Coins , Elixir (ICC 6);(4) (5) (6) (7)
2;Amaze;39;0;0;0;36;10;18;2;1;100;95;95;95;48;100;72;7;Attack, Rumble;5 EXP , 6 Coins , Oil Drop (ICC 5);(4)
2;Mercury Djinni (Fog);165;0;14;0;32;6;22;6;1;95;125;75;95;100;193;25;100;Attack, Frost, Douse, Flee;28 EXP , 85 Coins , No Item;(4)
2;Chestbeater;155;0;0;0;44;11;20;24;1;100;80;70;80;48;48;25;72;Attack, Claw Attack, Beat Dance;40 EXP , 28 Coins , Nut (ICC 1);(4)
2;Ghost;56;0;6;0;38;12;12;2;1;100;95;95;95;48;100;72;7;Attack, Impair, Rumble;9 EXP , 9 Coins , Oil Drop (ICC 5);(5) (6)
2;Jupiter Djinni (Breath);267;0;24;0;65;17;50;8;1;80;95;95;120;25;100;100;193;Attack, Bolt, Ray, Slash, Whirlwind, Flee;109 EXP , 126 Coins , No Item;(5)
2;Skeleton;60;0;0;0;46;14;18;1;1;100;95;80;80;25;127;72;48;Attack, Bone Charge;10 EXP , 11 Coins , Herb (ICC 5);(6) (7)
2;Mini-Goblin;62;0;0;0;61;16;25;5;1;100;85;85;85;100;72;72;48;Attack;25 EXP , 28 Coins , Sleep Bomb (ICC 5);(6) (7) (8)
2;Rat Soldier;69;0;0;0;56;13;19;2;1;85;100;85;85;72;100;48;72;Attack, Flee;17 EXP , 19 Coins , Smoke Bomb (ICC 5);(6a) (7) (8)
2;Mars Djinni (Cannon);151;0;14;0;34;6;20;6;1;95;75;125;95;100;25;193;100;Attack, Flare, Blast, Flee;24 EXP , 81 Coins , No Item;(6)
2;Troll;101;10;0;0;73;16;14;1;1;100;80;70;80;48;48;25;72;Attack, Brute Force;30 EXP , 34 Coins , Nut (ICC 6);(7) (8) (9)
2;Will Head;54;0;0;0;42;10;10;1;1;100;95;80;80;25;127;72;48;Attack, Mystic Flame;9 EXP , 10 Coins , Smoke Bomb (ICC 6);(7)
2;Rat;49;0;0;0;52;27;15;1;1;100;80;70;80;48;48;25;72;Attack, Fortify;14 EXP , 17 Coins , Herb (ICC 6);(7)
2;Venus Djinni (Iron);223;0;20;0;49;12;37;7;1;120;95;95;80;193;100;100;25;Attack, Quake, Growth, Flee;73 EXP , 96 Coins , No Item;(7)
2;Drone Bee;63;0;0;0;68;19;36;2;1;90;90;95;105;100;48;48;7;Attack, Numbing Sting;19 EXP , 28 Coins , Elixir (ICC 5);(8)
2;Kobold;77;0;0;0;80;17;47;7;1;100;85;85;85;100;72;72;48;Attack, Defend;40 EXP , 45 Coins , Oil Drop (ICC 5);(9) (10) (13)
2;Dino;82;0;0;0;84;23;35;8;1;110;95;95;90;152;100;100;48;Attack, Power Bite;40 EXP , 39 Coins , Herb (ICC 5);(9) (10) (13)
2;Momonga;53;0;0;0;66;16;51;4;1;95;95;95;110;127;72;48;7;Attack, Quick Slash;29 EXP , 31 Coins , Weasel's Claw (ICC 6);(9) (10)
2;Mercury Djinni (Sour);291;0;26;0;75;19;57;9;1;95;125;75;95;100;193;25;100;Attack, Frost, Ice, Douse, Froth, Cool, Flee;130 EXP , 152 Coins , No Item;(9)
2;Emu;98;0;0;0;89;21;46;9;1;95;95;95;110;127;72;48;7;Attack, Claw Slash;53 EXP , 51 Coins , Sacred Feather (ICC 6);(10) (13)
2;Spider;69;0;0;0;75;22;22;1;1;95;85;90;85;48;48;25;48;Attack, Spider Web;25 EXP , 32 Coins , Antidote (ICC 5);(10)
2;Jupiter Djinni (Blitz);870;0;81;0;276;84;239;27;1;80;95;95;120;25;100;100;193;Attack, Blue Bolt, Destruct Ray, Spark Plasma, Sonic Slash, Tempest, Flee;1000 EXP , 660 Coins , No Item;(10)
2;King Scorpion;1064;0;0;0;101;32;39;40;1;95;85;90;85;72;72;48;100;Attack, Defend, Poison Tail, Sand Breath, Desert Gasp, Twin Shear, Paralytail;440 EXP , 228 Coins , Vial (ICC 1);(10)
2;Gnome;85;0;5;0;73;15;38;3;1;85;85;100;85;72;48;100;72;Attack, Flare, Bolt, Guard, Flee;29 EXP , 40 Coins , Oil Drop (ICC 6);(10a)
2;Briggs;984;0;0;0;129;29;76;42;1;100;100;100;100;100;100;100;100;Attack, Defend, Echo Cut;333 EXP , 891 Coins , Vial (ICC 1);(11)
2;Sea Fighter;197;0;0;0;119;28;61;26;1;100;100;100;100;100;100;100;100;Attack, Echo Cut;89 EXP , 130 Coins , No Item;(11)
2;Ooze;72;0;0;0;72;19;30;1;1;95;125;75;95;48;127;7;48;Attack, Sticky Goo, Speed Surge;26 EXP , 40 Coins , Herb (ICC 5);(12)
2;Harpy;105;0;0;0;104;25;46;4;1;95;95;95;110;127;72;48;7;Attack, Shriek;38 EXP , 53 Coins , Elixir (ICC 5);(12) (13)
2;Ghoul;99;0;0;0;93;20;16;1;1;100;95;80;80;25;72;7;48;Attack, Cannibal Fang;34 EXP , 42 Coins , Antidote (ICC 5);(12) (13)
2;Mimic #2;431;0;36;0;126;33;77;16;1;95;100;75;105;100;127;25;152;Attack, Tundra, Debilitate, Sleep, Psy Drain;272 EXP , 241 Coins , Lucky Medal (ICC 1);(13)
2;Creeper;89;0;6;0;79;19;29;2;1;100;95;95;95;48;100;72;7;Attack, Frost, Douse;32 EXP , 38 Coins , Weasel's Claw (ICC 6);(13a)
2;Mummy;113;0;0;0;116;30;44;8;1;100;95;80;80;25;72;7;48;Attack, Vanish Claw;72 EXP , 102 Coins , Elixir (ICC 6);(13a)
2;Wolfkin Cub;115;0;0;0;136;32;79;5;1;85;100;85;85;72;100;48;72;Attack, Ur Flash;82 EXP , 95 Coins , Nut (ICC 6);(14) (15)
2;Wyvern Chick;124;0;0;0;128;36;76;6;1;95;95;95;110;127;72;48;7;Attack, Fire Breath;83 EXP , 76 Coins , Weasel's Claw (ICC 6);(14) (15)
2;Flash Ant;76;0;0;0;119;38;62;3;1;95;85;90;85;48;48;25;48;Attack, Flash Punch;61 EXP , 71 Coins , Elixir (ICC 6);(14) (15)
2;Wild Gorilla;130;0;0;0;122;32;76;5;1;100;80;70;80;48;48;25;72;Attack, Ransack, Beat Dance;77 EXP , 80 Coins , Bramble Seed (ICC 6);(14) (16)
2;Mars Djinni (Kindle);403;0;37;0;114;29;90;11;1;95;75;125;95;100;25;193;100;Attack, Flare Wall, Mad Blast, Blast, Fume, Beam, Flee;228 EXP , 273 Coins , No Item;(14)
2;Bone Fighter;122;0;0;0;131;35;52;3;1;100;95;80;80;25;127;72;48;Attack, Undead Sword;51 EXP , 63 Coins , Sleep Bomb (ICC 6);(15) (17) (18)
2;Death Head;128;0;15;0;130;31;47;3;1;100;95;80;80;25;127;72;48;Attack, Slash, Impair;55 EXP , 73 Coins , Nut (ICC 5);(15) (17) (18)
2;Mad Mole;96;0;0;0;119;22;36;1;1;100;80;70;80;48;48;25;72;Attack, Mad Spatter;39 EXP , 60 Coins , Bramble Seed (ICC 5);(15)
2;Mercury Djinni (Chill);414;0;37;0;124;31;96;12;1;95;125;75;95;100;193;25;100;Attack, Tundra, Ice, Prism, Drench, Cool, Flee;234 EXP , 282 Coins , No Item;(15)
2;Pixie;75;0;30;0;135;31;112;27;1;95;95;95;110;175;100;72;25;Attack, Wind Slash, Sleep, Bind;96 EXP , 127 Coins , Nut (ICC 4);(16)
2;Assassin;129;0;0;0;150;35;84;13;1;100;85;85;85;127;100;100;72;Attack, Poison Sting;97 EXP , 131 Coins , Antidote (ICC 5);(16)
2;Dirge;91;0;0;0;122;32;60;2;1;95;95;95;110;127;72;48;7;Attack, Flying Attack;47 EXP , 61 Coins , Nut (ICC 5);(16)
2;Jupiter Djinni (Waft);440;0;40;0;134;34;104;13;1;80;95;95;120;25;100;100;193;Attack, Flash Bolt, Storm Ray, Plasma, Wind Slash, Whirlwind, Flee;255 EXP , 309 Coins , No Item;(16)
2;Doomsayer;107;0;30;0;148;31;77;21;1;100;85;85;85;127;100;100;72;Attack, Clay Spire, Curse, Condemn;107 EXP , 173 Coins , Oil Drop (ICC 6);(17) (18)
2;Salamander;212;0;18;0;158;49;50;6;1;95;75;125;95;100;25;193;100;Attack, Fireball, Blast, Guard, Fire Breath;84 EXP , 190 Coins , Oil Drop (ICC 5);(17) (18)
2;Spirit;116;0;11;0;114;30;48;6;1;100;95;95;95;48;100;72;7;Attack, Ice, Douse;49 EXP , 67 Coins , Crystal Powder (ICC 6);(17) (18)
2;Mimic #3;536;0;50;0;177;43;110;17;1;95;100;75;105;100;127;25;152;Attack, Tornado, Debilitate, Sleep, Psy Drain;400 EXP , 380 Coins , Hard Nut (ICC 1);(17)
2;Red Demon;228;0;10;0;173;43;90;26;1;100;85;85;85;127;100;100;72;Attack, Mad Growth, Vital Moon;129 EXP , 154 Coins , Staff of Anubis (ICC 7);(17a) (18)
2;Venus Djinni (Steel);466;0;46;0;143;37;116;16;1;120;95;95;80;193;100;100;25;Attack, Quake Sphere, Spire, Gaia, Mad Growth, Briar, Flee;279 EXP , 340 Coins , No Item;(17)
2;Venus Djinni (Mud);500;0;44;0;153;41;122;15;1;120;95;95;80;193;100;100;25;Attack, Quake Sphere, Spire, Gaia, Mad Growth, Briar, Flee;360 EXP , 358 Coins , No Item;(18)
2;Mad Plant #1;449;0;0;0;181;41;87;19;1;105;100;80;70;48;100;7;72;Attack, Poisonous Bite;321 EXP , 347 Coins , Game Ticket (ICC 1);(18)
2;Bandit;346;0;0;0;200;41;98;34;1;80;80;80;80;72;72;72;72;Attack, Slice, Threaten;136 EXP , 183 Coins , No Item;(19)
2;Thief;212;0;0;0;196;38;87;26;1;80;80;80;80;72;72;72;72;Attack, Threaten, Tremble, Stand Ready;115 EXP , 169 Coins , No Item;(19)
2;Aqua Jelly;225;0;5;0;161;33;78;7;1;95;125;75;95;48;127;7;48;Attack, Douse, Poisonous Bite, Electric Bite;96 EXP , 99 Coins , Sleep Bomb (ICC 6);(20)
2;Aqua Hydra;2776;0;70;0;173;38;63;44;1;95;115;85;95;100;175;25;100;Attack, Drench, Triple Chomp, Raging Flood, Rising Venom, Slaver;963 EXP , 1612 Coins , Vial (ICC 1);(20)
2;Seabird;133;0;0;0;166;31;110;9;1;95;95;95;110;127;72;48;7;Attack, Wing Beat;106 EXP , 114 Coins , Sacred Feather (ICC 6);(21)
2;Urchin Beast;89;0;0;0;163;54;101;6;1;95;85;90;85;72;72;48;100;Attack, Beast Needle;93 EXP , 79 Coins , Antidote (ICC 5);(21)
2;Fighter Bee;116;0;0;0;155;38;74;2;1;90;90;95;105;100;48;48;7;Attack, Numbing Sting, Ally Search;67 EXP , 90 Coins , Elixir (ICC 6);(21)
2;Calamar;104;0;0;0;130;34;46;1;1;95;125;75;95;48;127;7;48;Attack, Electric Bite, Ally Search;59 EXP , 79 Coins , Elixir (ICC 5);(21)
2;Merman;162;0;0;0;184;46;93;10;1;85;100;85;85;100;127;72;100;Attack, Hydro Slash;134 EXP , 139 Coins , Crystal Powder (ICC 6);(21)
2;Numb Ant;101;0;0;0;172;57;91;4;1;95;85;90;85;48;48;25;48;Attack, Flash Punch, Formic Acid;111 EXP , 111 Coins , Bramble Seed (ICC 6);(22)
2;Death Cap;117;0;0;0;159;19;90;5;1;105;100;80;70;48;100;7;72;Attack, Sleep Star;48 EXP , 56 Coins , Sleep Bomb (ICC 6);(22) (23)
2;Alec Goblin;147;0;0;0;190;48;91;7;1;100;85;85;85;100;72;72;48;Attack;126 EXP , 146 Coins , Smoke Bomb (ICC 6);(22)
2;Mad Vermin;131;0;0;0;164;22;67;2;1;100;80;70;80;48;48;25;72;Attack, Onslaught;55 EXP , 80 Coins , Herb (ICC 6);(22) (23) (27a)
2;Dire Wolf;155;0;0;0;186;44;101;6;1;100;80;70;80;48;48;25;72;Attack, Ice Breath, Fatal Fang;118 EXP , 114 Coins , Weasel's Claw (ICC 6);(22) (23)
2;Undead;165;0;0;0;180;27;58;1;1;100;95;80;80;25;72;7;48;Attack, Decompose, Ally Search;74 EXP , 90 Coins , Antidote (ICC 5);(22) (23)
2;Ravager;189;0;0;0;185;47;60;2;1;100;80;70;80;48;48;25;72;Attack, Bear Claw;90 EXP , 95 Coins , Elixir (ICC 6);(22)
2;Ghost Mage;161;0;19;0;168;43;86;9;1;100;95;95;95;48;100;72;7;Attack, Spire, Whirlwind, Haunting;80 EXP , 110 Coins , Bramble Seed (ICC 5);(22) (23)
2;Faery;105;0;30;0;182;46;150;27;1;95;95;95;110;175;100;72;25;Attack, Wind Slash, Tornado, Sleep, Psy Drain;172 EXP , 175 Coins , Nut (ICC 3);(23) (24) (29)
2;Cave Troll;212;20;0;0;199;45;44;3;1;100;80;70;80;48;48;25;72;Attack, Brute Force;106 EXP , 134 Coins , Nut (ICC 5);(23)
2;Mad Plant #2;518;0;0;0;227;56;104;19;1;105;100;80;70;48;100;7;72;Attack, Poisonous Bite;507 EXP , 409 Coins , Lucky Medal (ICC 1);(23)
2;Venus Djinni (Flower);590;0;53;0;182;51;149;18;1;120;95;95;80;193;100;100;25;Attack, Quake Sphere, Clay Spire, Mother Gaia, Mad Growth, Briar, Flee;519 EXP , 432 Coins , No Item;(23)
2;Man o' War;137;0;0;0;193;42;70;1;1;95;125;75;95;48;127;7;48;Attack, Poison Ink;55 EXP , 87 Coins , Antidote (ICC 6);(24) (29)
2;Roc;245;0;0;0;214;50;116;17;1;95;95;95;110;175;100;72;25;Attack, Wing Flutter;238 EXP , 193 Coins , Vial (ICC 5);(24) (29)
2;Virago;185;0;0;0;199;47;89;4;1;95;95;95;110;127;72;48;7;Attack, Banshee Howl;87 EXP , 120 Coins , Elixir (ICC 5);(24) (29)
2;Lizard Fighter;212;0;0;0;204;61;60;2;1;85;100;85;85;100;127;72;100;Attack, Water Breath;89 EXP , 124 Coins , Nut (ICC 5);(24a)
2;Sea Dragon;270;0;0;0;231;68;90;14;1;95;115;85;95;100;175;25;100;Attack, Water Breath;257 EXP , 194 Coins , Unicorn Ring (ICC 7);(24a)
2;Mimic #4;676;0;62;0;240;66;145;17;1;95;100;75;105;100;127;25;152;Attack, Wild Growth, Debilitate, Sleep, Psy Drain;760 EXP , 531 Coins , Potion (ICC 1);(24)
2;Mercury Djinni (Steam);620;0;56;0;192;54;159;19;1;95;125;75;95;100;193;25;100;Attack, Glacier, Ice Horn, Hail Prism, Froth Sphere, Supercool, Flee;571 EXP , 457 Coins , No Item;(24)
2;Needle Egg;119;0;0;0;234;94;147;7;1;95;85;90;85;72;72;48;100;Attack, Poison Sting;214 EXP , 110 Coins , Antidote (ICC 5);(25) (26)
2;Squirrelfang;130;0;0;0;229;59;168;6;1;95;95;95;110;127;72;48;7;Attack, Quick Slash;176 EXP , 131 Coins , Elixir (ICC 6);(25) (26) (30) (44)
2;Dinox;172;0;0;0;264;82;116;10;1;110;95;95;90;152;100;100;48;Attack, Terrible Bite;239 EXP , 166 Coins , Nut (ICC 5);(25) (26) (30) (44)
2;Jupiter Djinni (Wheeze);740;0;68;0;234;70;197;23;1;80;95;95;120;25;100;100;193;Attack, Blue Bolt, Destruct Ray, Shine Plasma, Sonic Slash, Tornado, Flee;781 EXP , 556 Coins , No Item;(25)
2;Minotaurus;268;0;0;0;276;84;123;18;1;110;95;95;90;152;100;100;48;Attack, Power Crush;318 EXP , 207 Coins , Tartarus Axe (ICC 7);(26) (30)
2;Living Armor;201;0;0;0;266;99;90;21;1;100;95;95;95;72;152;100;25;Attack, Defend, Power Crush;320 EXP , 205 Coins , Water of Life (ICC 8);(26) (30)
2;Harridan;231;0;29;0;261;66;118;8;1;95;95;95;110;175;100;72;25;Attack, Wind Slash, Banshee Howl, Crazy Voice;150 EXP , 164 Coins , Nut (ICC 6);(26) (30) (43) (44)
2;Stone Soldier;211;0;14;0;327;137;140;6;1;95;75;125;95;100;25;193;100;Attack, Mad Blast, Dynamite, Headbutt;278 EXP , 164 Coins , Elixir (ICC ?);(26a) (43) (44)
2;Magicore;321;0;34;0;253;74;109;11;1;95;85;115;95;100;25;175;100;Attack, Nova, Sleep, Bind, Poison Tail;169 EXP , 208 Coins , Aura Gloves (ICC 8);(26a) (44)
2;Mars Djinni (Reflux);756;0;69;0;231;68;199;23;1;95;75;125;95;100;25;193;100;Attack, Inferno, Eruption, Fiery Blast, Supernova, Serpent Fume, Flee;794 EXP , 563 Coins , No Item;(26)
2;Wight;192;0;0;0;205;55;54;2;1;100;95;80;80;25;72;7;48;Attack, Rotten Blood, Decompose;92 EXP , 115 Coins , Elixir (ICC 5);(27) (28)
2;Fire Worm;97;0;0;0;211;49;94;4;1;95;85;90;85;48;48;25;48;Attack, Fire Breath, Angle Spike;158 EXP , 113 Coins , Oil Drop (ICC 6);(27) (28)
2;Clay Gargoyle;304;0;21;0;319;150;100;7;1;100;100;100;95;48;100;100;127;Attack, Mother Gaia, Guard, Ice Breath;307 EXP , 170 Coins , Potion (ICC 7);(27) (28)
2;Golem;266;0;0;0;217;57;40;2;1;120;95;95;80;193;100;100;25;Attack, Forcible Arm;105 EXP , 161 Coins , Vial (ICC 7);(27) (28)
2;Gnome Mage;162;0;24;0;179;50;108;8;1;85;85;85;100;48;72;72;100;Attack, Fireball, Flash Bolt, Delude;86 EXP , 126 Coins , Crystal Powder (ICC 5);(27) (28)
2;Dread Hound;252;0;0;0;211;56;90;13;1;95;85;115;95;100;25;175;100;Attack, Fire Breath, Wicked Howl, Double Fang;116 EXP , 176 Coins , Prophet's Hat (ICC 7);(27a) (28)
2;Wood Walker;230;0;21;0;213;75;94;24;1;105;100;80;70;72;175;25;100;Attack, Mad Growth, Briar;242 EXP , 201 Coins , Bramble Seed (ICC 5);(27a) (30) (28)
2;Mimic #5;707;0;64;0;251;71;153;18;1;95;100;75;105;100;127;25;152;Attack, Sonic Slash, Debilitate, Sleep, Curse, Psy Drain;840 EXP , 531 Coins , Game Ticket (ICC 1);(27)
2;Mad Plant #3;566;0;0;0;254;65;114;20;1;105;100;80;70;48;100;7;72;Attack, Poisonous Bite, Maneater;630 EXP , 451 Coins , Potion (ICC 1);(27)
2;Serpent;3536;2430;160;0;249;76;135;46;3;110;95;95;90;152;100;100;48;Attack, Quake Sphere, Briar, Cure Well, Black Ice, Toxic Breath, Mighty Press;1995 EXP , 2898 Coins , No Item;(27)
2;Gressil;175;0;30;0;243;70;145;30;1;100;85;85;85;127;100;100;72;Attack, Nova, Curse;259 EXP , 208 Coins , Otafuku Mask (ICC 7);(28)
2;Avimander;3792;0;87;0;281;89;94;41;2;95;85;115;95;100;25;175;100;Attack, Fiery Blast, Guard, Impair, Fire Breath, Star Mine, Heat Stun;2176 EXP , 1330 Coins , Potion (ICC 1);(31)
2;Poseidon;4905;0;162;0;302;100;185;47;2;95;115;85;95;100;175;25;100;Attack, Ice Missile, Deluge, Ply Well, Typhoon Blow, Ocean Fist, Watery Grave, Counter-rush;2930 EXP , 3762 Coins , Psy Crystal (ICC 1);(32)
2;Hydra;276;0;0;0;288;82;102;12;1;95;115;85;95;100;175;25;100;Attack, Triple Chomp, Slaver;408 EXP , 317 Coins , Antidote (ICC 5);(33) (40)
2;Gillman;234;0;0;0;291;89;142;11;1;85;100;85;85;100;127;72;100;Attack, Hydro Slash;330 EXP , 210 Coins , Crystal Powder (ICC 6);(33)
2;Seafowl;191;0;0;0;262;61;168;10;1;95;95;95;110;127;72;48;7;Attack, Wing Beat;261 EXP , 172 Coins , Sacred Feather (ICC 6);(33)
2;Vile Dirge;173;0;0;0;228;56;120;2;1;95;95;95;110;127;72;48;7;Attack, Wing Beat, Flying Attack;75 EXP , 98 Coins , Weasel's Claw (ICC 5);(33)
2;Spiral Shell;155;0;0;0;268;92;117;9;1;95;85;90;85;72;72;48;100;Attack, Poison Gel;236 EXP , 129 Coins , Elixir (ICC 6);(33) (40)
2;Turtle Dragon;340;0;0;0;305;100;117;15;1;95;115;85;95;100;175;25;100;Attack, Aqua Breath;424 EXP , 251 Coins , Blessed Mace (ICC 8);(33) (40) (43)
2;Wolfkin;213;0;0;0;309;89;174;9;1;85;100;85;85;72;100;48;72;Attack, Shriek, Ur Flash;337 EXP , 219 Coins , Weasel's Claw (ICC 5);(34) (35) (37)
2;Wargold;202;0;0;0;303;78;181;9;1;100;85;85;85;100;72;72;48;Attack, Defend, Doublestep;321 EXP , 226 Coins , Oil Drop (ICC 5);(34) (35) (37)
2;Slayer;220;0;0;0;300;90;158;14;1;100;85;85;85;127;100;100;72;Attack, Poison Sting, Kill Sting;344 EXP , 254 Coins , Sleep Bomb (ICC 6);(34) (35)
2;Pteranodon;242;0;0;0;291;100;166;8;1;95;95;95;110;127;72;48;7;Attack, Ice Breath, Banshee Howl;341 EXP , 174 Coins , Nut (ICC 5);(34) (35) (37)
2;Talon Runner;228;0;0;0;303;88;159;11;1;95;95;95;110;127;72;48;7;Attack, Mega Slash;367 EXP , 215 Coins , Bramble Seed (ICC 6);(34) (35)
2;Mars Djinni (Core);840;0;79;0;264;80;226;26;1;95;75;125;95;100;25;193;100;Attack, Inferno, Pyroclasm, Supernova, Serpent Fume, Searing Beam, Flee;946 EXP , 642 Coins , No Item;(34)
2;Venus Djinni (Petra);830;0;77;0;260;79;227;26;1;120;95;95;80;193;100;100;25;Attack, Quake Sphere, Stone Spire, Mother Gaia, Wild Growth, Briar, Flee;937 EXP , 631 Coins , No Item;(34)
2;Wild Gryphon;297;0;33;0;367;111;215;18;1;90;95;95;110;152;110;72;48;Attack, Bind, Wing Stroke, Twin Beaks;487 EXP , 320 Coins , Feathered Robe (ICC 8);(35)
2;Mercury Djinni (Eddy);860;0;80;0;270;83;237;27;1;95;125;75;95;100;193;25;100;Attack, Ice Missile, Freeze Prism, Deluge, Froth Spiral, Megacool, Flee;989 EXP , 656 Coins , No Item;(35)
2;Navampa;735;0;0;0;368;100;156;17;1;80;80;80;80;90;90;90;90;Attack, Defend;398 EXP , 267 Coins , No Item;(35)
2;Azart;365;0;0;0;328;66;134;10;1;80;80;80;80;90;90;90;90;Attack, Defend;355 EXP , 232 Coins , No Item;(35)
2;Satrage;485;0;0;0;342;74;145;13;1;80;80;80;80;90;90;90;90;Attack, Defend;378 EXP , 249 Coins , No Item;(35)
2;Moapa;3042;0;0;0;354;120;181;40;1;100;100;100;100;100;100;100;100;Attack, Bosca Hit;1670 EXP , 2460 Coins , No Item;(36)
2;Knight;1954;0;0;0;321;106;143;36;1;100;100;100;100;100;100;100;100;Attack, Strong Hit;835 EXP , 205 Coins , No Item;(36)
2;Nightmare;258;0;28;0;287;89;138;13;1;85;85;85;100;72;100;100;127;Attack, Fireball, Shine Plasma, Bind, Heartrender;241 EXP , 198 Coins , Healing Ring (ICC 7);(37)
2;Mole Mage;199;0;14;0;265;47;74;4;1;100;80;70;80;48;48;25;72;Attack, Mad Growth, Mad Spatter, Worms;191 EXP , 132 Coins , Antidote (ICC 6);(37)
2;Mad Plant #4;730;0;0;0;358;103;174;21;1;105;100;80;70;48;100;7;72;Attack, Poisonous Bite, Electric Bite, Maneater;1121 EXP , 594 Coins , Lucky Pepper (ICC 1);(37)
2;Jupiter Djinni (Gasp);191;0;22;0;31;7;25;7;1;80;95;95;120;25;100;100;193;Attack, Flash Bolt, Ray, Plasma, Wind Slash, Whirlwind, Flee;64 EXP , 69 Coins , No Item;(37)
2;Wyvern;340;0;0;0;339;108;149;21;1;95;95;95;110;175;100;72;25;Attack, Fire Breath;469 EXP , 284 Coins , Aeolian Cassock (ICC 7);(38)
2;Foul Mummy;238;0;0;0;320;100;118;10;1;100;95;80;80;25;72;7;48;Attack, Crusher Grip;376 EXP , 297 Coins , Potion (ICC 7);(38)
2;Devil Scorpion;181;0;0;0;308;121;126;6;1;95;85;90;85;72;72;48;100;Attack, Poison Tail, Sand Breath, Twin Shear;284 EXP , 180 Coins , Antidote (ICC 4);(38)
2;Macetail;284;0;28;0;327;105;110;9;1;95;85;115;95;100;25;175;100;Attack, Guard, Heat Stun;426 EXP , 248 Coins , Vial (ICC 7);(38)
2;Ghost Army;250;0;18;0;342;136;133;25;1;100;95;95;95;72;152;100;25;Attack, Sonic Slash, Pike Assault;454 EXP , 254 Coins , Mist Potion (ICC 7);(38)
2;Blue Dragon;408;0;0;0;349;121;133;23;1;95;115;85;95;100;175;25;100;Attack, Ice Breath;490 EXP , 297 Coins , Rising Mace (ICC 7);(38)
2;Mad Plant #5;726;0;0;0;352;99;152;20;1;105;100;80;70;48;100;7;72;Attack, Poisonous Bite, Maneater;1065 EXP , 594 Coins , Mint (ICC 1);(38)
2;Mimic #6;907;0;78;0;349;108;204;18;1;95;100;75;105;100;127;25;152;Attack, Ice Missile, Debilitate, Sleep, Curse, Condemn, Psy Drain;1420 EXP , 700 Coins , Psy Crystal (ICC 1);(38)
2;Jupiter Djinni (Whorl);852;0;78;0;273;84;233;27;1;80;95;95;120;25;100;100;193;Attack, Blue Bolt, Destruct Ray, Spark Plasma, Sonic Slash, Tempest, Flee;965 EXP , 643 Coins , No Item;(38)
2;Karst;3186;0;320;0;354;107;235;50;1;100;95;105;100;127;72;175;100;Attack, Fiery Blast, Supernova, Healing Aura, Break, Death Scythe, Djinnfest, Heat Kiss;2813 EXP , 5280 Coins , Dark Matter (ICC 1);(38)
2;Agatio;4248;0;280;0;377;114;178;46;1;100;90;110;100;100;72;175;127;Attack, Eruption, Debilitate, Rolling Flame, Rising Dragon, Meteor Blow, Cage, Stun Muscle;3000 EXP , 3740 Coins , No Item;(38)
2;Karst (vs All);3186;0;320;0;354;107;235;50;1;100;95;105;100;127;72;175;100;Attack, Fiery Blast, Supernova, Healing Aura, Break, Death Scythe, Djinnfest, Heat Kiss;2813 EXP , 5280 Coins , Dark Matter (ICC 1);(38)
2;Agatio (vs All);4248;0;280;0;377;114;178;46;1;100;90;110;100;100;72;175;127;Attack, Eruption, Debilitate, Rolling Flame, Rising Dragon, Meteor Blow, Cage, Stun Muscle;3000 EXP , 3740 Coins , No Item;(38)
2;Karst (vs 2/3);3186;0;320;0;354;107;235;50;1;100;95;105;100;127;72;175;100;Attack, Fiery Blast, Supernova, Healing Aura, Break, Death Scythe, Djinnfest, Heat Kiss;2813 EXP , 5280 Coins , Dark Matter (ICC 1);(38)
2;Agatio (vs 2/3);4248;0;280;0;377;114;178;46;1;100;90;110;100;100;72;175;127;Attack, Eruption, Debilitate, Rolling Flame, Rising Dragon, Meteor Blow, Cage, Stun Muscle;3000 EXP , 3740 Coins , No Item;(38)
2;Raging Rock;1350;0;48;0;294;90;121;18;1;95;85;115;95;100;25;175;100;Attack, Flare Storm, Guard, Impair, Bind, Fire Breath, Rabid Fang, Mad Dash;465 EXP , 800 Coins , Potion (ICC 1);(39)
2;Lich;187;0;30;0;305;81;146;22;1;100;85;85;85;127;100;100;72;Attack, Nettle, Haunt, Curse, Condemn;401 EXP , 330 Coins , Psy Crystal (ICC 8);(39)
2;Little Death;222;0;40;0;335;108;191;30;1;100;85;85;85;127;100;100;72;Attack, Supernova, Curse, Condemn;420 EXP , 273 Coins , Hiotoko Mask (ICC 7);(39)
2;Phoenix;281;0;80;0;344;112;243;31;2;95;75;125;95;100;25;193;100;Attack, Inferno, Fiery Blast, Supernova, Flee, Regen Dance, Fire Dance;3750 EXP , 286 Coins , Water of Life (ICC 7);(39) (40)
2;Wise Gryphon;179;0;6;0;241;105;104;5;1;95;75;125;95;48;7;127;48;Attack, Blast, Mad Blast, Dynamite, Headbutt;98 EXP , 98 Coins , Elixir (ICC 6);(39)
2;Lesser Demon;410;0;44;0;374;119;178;28;1;100;85;85;85;127;100;100;72;Attack, Stone Spire, Vital Moon;511 EXP , 304 Coins , Rune Blade (ICC 8);(38a)
2;Grand Chimera;313;0;48;0;336;109;168;27;1;95;85;115;95;100;25;175;100;Attack, Eruption, Rabid Fang, Mad Dash, Recovery, Fire Breath;396 EXP , 300 Coins , Mist Potion (ICC 7);(38a) (40)
2;Mimic #7;936;0;80;0;364;114;210;18;1;95;100;75;105;100;127;25;152;Attack, Stone Spire, Debilitate, Sleep, Curse, Condemn, Psy Drain;1500 EXP , 726 Coins , Apple (ICC 1);(39)
2;Mars Djinni (Fury);950;0;89;0;304;95;267;30;1;95;75;125;95;100;25;193;100;Attack, Pyroclasm, Dragon Fume, Searing Beam, Flee, Fiery Juggle, Dire Inferno;1145 EXP , 731 Coins , No Item;(39)
2;Raptor;366;0;0;0;354;96;180;19;1;95;95;95;110;175;100;72;25;Attack, Wing Stroke, Twin Beaks;521 EXP , 295 Coins , No Item;(41)
2;Doodle Bug;202;0;22;0;329;109;173;12;1;95;85;115;95;100;25;175;100;Attack, Wild Growth, Briar, Sonic Wave;417 EXP , 176 Coins , Smoke Bomb (ICC 6);(41)
2;Minos Warrior;353;0;0;0;397;130;164;20;1;110;95;95;90;152;100;100;48;Attack, Power Crush, Sack;525 EXP , 276 Coins , Clotho's Distaff (ICC 7);(41)
2;Devil Frog;282;0;0;0;347;102;173;15;1;95;115;85;95;100;175;25;100;Attack, Acid Breath, Rotten Blood, Thrash;417 EXP , 248 Coins , Elixir (ICC 6);(41)
2;Fire Bird;303;0;98;0;376;124;259;32;2;95;75;125;95;100;25;193;100;Attack, Inferno, Supernova, Searing Beam, Flee, Regen Dance, Fire Dance;5838 EXP , 304 Coins , Water of Life (ICC 7);(41)
2;Aka Manah;479;0;70;0;405;129;187;32;1;85;100;85;85;100;127;72;100;Attack, Freeze Prism, Curse, Human Hunt, Demon Eye;546 EXP , 318 Coins , Gloria Helm (ICC 8);(41)
2;Mercury Djinni (Balm);940;0;88;0;300;94;261;30;1;95;125;75;95;100;193;25;100;Attack, Ice Missile, Freeze Prism, Deluge, Froth Spiral, Megacool, Flee;1112 EXP , 720 Coins , No Item;(41)
2;Mimic #8;1008;0;84;0;397;126;224;18;1;95;100;75;105;100;127;25;152;Attack, Spark Plasma, Debilitate, Sleep, Curse, Condemn, Psy Drain;1668 EXP , 772 Coins , Cookie (ICC 1);(41)
2;Flame Dragon (Small);5348;0;320;4;389;134;215;55;1;95;85;115;95;100;25;175;100;Attack, Fiery Blast, Supernova, Healing Aura, Break, Flame Breath, Djinnfest, Heat Kiss;2502 EXP , 1872 Coins , Psy Crystal (ICC 1);(41)
2;Flame Dragon (Big);5724;0;250;4;400;137;158;48;1;95;85;115;95;100;25;175;100;Attack, Flame Breath, Rolling Flame, Rising Dragon, Meteor Blow, Cage, Stun Muscle;2502 EXP , 1521 Coins , No Item;(41)
2;Mars Djinni (Fugue);243;0;22;0;79;20;42;7;1;80;95;95;120;25;100;100;193;Attack, Flash Bolt, Ray, Plasma, Wind Slash, Whirlwind, Flee;88 EXP , 100 Coins , No Item;(41)
2;Minos Knight;454;0;0;0;517;170;175;21;1;110;95;95;90;152;100;100;48;Attack, Power Crush, Sack;577 EXP , 294 Coins , Riot Gloves (ICC 8);(42)
2;Sand Scorpion;259;0;12;0;457;185;147;7;1;95;85;90;85;72;72;48;100;Attack, Curse, Desert Gasp, Twin Shear;366 EXP , 207 Coins , Star Dust (ICC 7);(42)
2;Winged Lizard;337;0;0;0;452;160;202;9;1;95;95;95;110;127;72;48;7;Attack, Fire Breath, Banshee Howl;467 EXP , 212 Coins , Dragon Skin (ICC 7);(42)
2;Soul Army;356;0;54;0;508;207;156;26;1;100;95;95;95;72;152;100;25;Attack, Destruct Ray, Tempest, Pike Assault;586 EXP , 299 Coins , Mythril Silver (ICC 8);(42)
2;Fire Dragon;648;0;40;0;513;178;166;35;1;95;85;115;95;100;25;175;100;Attack, Dragon Fume, Fire Breath;641 EXP , 354 Coins , Atropos' Rod (ICC 8);(42)
2;Venus Djinni (Crystal);990;0;94;0;309;97;280;33;1;120;95;95;80;193;100;100;25;Attack, Stone Spire, Grand Gaia, Wild Growth, Nettle, Thorny Grave, Flee;1211 EXP , 764 Coins , No Item;(42)
2;Valukar;12960;0;0;0;550;175;206;46;2;95;85;105;95;100;60;175;100;Attack, Stun Jip, Djinn Stun, Crucible;8702 EXP , 4980 Coins , No Item;(42)
2;Earth Golem;298;0;0;0;299;114;70;5;1;120;95;95;80;193;100;100;25;Attack, Truncheon Fist;218 EXP , 183 Coins , Giant Axe (ICC 8);(43)
2;Cannibal Ghoul;249;0;0;0;274;82;80;4;1;100;95;80;80;25;72;7;48;Attack, Cannibal Fang, Decompose, Ally Search;194 EXP , 160 Coins , Antidote (ICC 6);(43)
2;Pyrodra;384;0;0;0;451;125;125;14;1;95;115;85;95;100;175;25;100;Attack, Fire Breath, Triple Chomp, Rising Venom;568 EXP , 387 Coins , Salamander Tail (ICC 7);(42a)
2;Great Seagull;266;0;0;0;411;93;206;12;1;95;95;95;110;127;72;48;7;Attack, Wing Flutter;363 EXP , 211 Coins , Sylph Feather (ICC 7);(42a)
2;Ocean Dragon;473;0;32;0;478;154;143;16;1;95;115;85;95;100;175;25;100;Attack, Deluge, Chill Breath;590 EXP , 307 Coins , Triton's Ward (ICC 8);(42a)
2;Sea Hedgehog;177;0;0;0;402;160;188;8;1;95;85;90;85;72;72;48;100;Attack, Stun Sting;319 EXP , 145 Coins , Potion (ICC 6);(42a)
2;Puppet Warrior;310;0;0;0;469;180;125;22;1;100;95;95;95;72;152;100;25;Attack, Defend, Power Crush;555 EXP , 283 Coins , Psy Crystal (ICC 7);(42a)
2;Gillman Lord;284;0;0;0;456;136;174;13;1;85;100;85;85;100;127;72;100;Attack, Hydro Slash;459 EXP , 257 Coins , Tear Stone (ICC 7);(42a)
2;Mimic #9;879;0;76;0;333;103;196;18;1;95;100;75;105;100;127;25;152;Attack, Nettle, Debilitate, Sleep, Curse, Psy Drain;1336 EXP , 677 Coins , Power Bread (ICC 1);(43)
2;Jupiter Djinni (Gale);980;0;92;0;309;97;277;31;1;80;95;95;120;25;100;100;193;Attack, Destruct Ray, Spark Plasma, Sonic Slash, Tempest, Flee;1197 EXP , 756 Coins , No Item;(43)
2;Star Magician;7486;0;560;0;460;139;268;52;2;90;105;85;95;130;180;72;150;Attack, Megacool, Spark Plasma, Mystic Call, Mine Ball;7866 EXP , 5566 Coins , No Item;(43)
2;Refresh Ball;360;0;43;10;317;124;136;36;1;95;115;85;95;100;175;25;100;Attack, Cure Poison, Restore, Earnest Ply;448 EXP , 278 Coins , No Item;(43)
2;Guardian Ball;520;0;43;0;317;127;292;33;1;110;95;95;90;152;100;100;48;Defend, Guard Aura;439 EXP , 289 Coins , No Item;(43)
2;Thunder Ball;280;0;43;10;329;123;219;30;1;90;95;95;110;48;100;100;152;Attack, Flash Bolt, Storm Ray, Shine Plasma;296 EXP , 243 Coins , No Item;(43)
2;Anger Ball;460;0;43;0;357;125;173;27;1;95;85;115;95;100;25;175;100;Attack, Angry Mine;387 EXP , 30 Coins , No Item;(43)
2;Venus Djinni (Meld);710;0;65;0;221;65;187;22;1;120;95;95;80;193;100;100;25;Attack, Quake Sphere, Clay Spire, Mother Gaia, Wild Growth, Nettle, Flee;729 EXP , 531 Coins , No Item;(44)
2;Chimera Worm;251;0;22;0;452;133;152;5;1;95;85;90;85;48;48;25;48;Attack, Briar, Angle Spike;359 EXP , 179 Coins , Water of Life (ICC 6);(45)
2;Druj;672;0;66;0;549;197;205;33;1;85;100;85;85;100;127;72;100;Attack, Megacool, Psy Drain, Human Hunt, Demon Eye;627 EXP , 348 Coins , Berserker Band (ICC 8);(45)
2;Wonder Bird;424;0;102;0;510;190;285;34;3;95;75;125;95;100;25;193;100;Attack, Pyroclasm, Supernova, Searing Beam, Flee, Regen Dance, Fire Dance;8622 EXP , 333 Coins , Dark Matter (ICC 8);(45)
2;Cruel Dragon;636;0;65;0;539;216;162;26;1;95;115;85;95;100;175;25;100;Attack, Freeze Prism, Ice Breath;661 EXP , 358 Coins , Tisiphone Edge (ICC 9);(45)
2;Mercury Djinni (Serac);920;0;86;0;290;90;257;29;1;95;125;75;95;100;193;25;100;Attack, Ice Missile, Freeze Prism, Froth Spiral, Megacool, Flee;1093 EXP , 706 Coins , No Item;(45)
2;Sentinel;8736;200;780;30;608;216;171;54;3;100;130;120;110;72;193;127;152;Attack, Searing Beam, Blue Bolt, Destruct Ray, Spark Plasma, Guard, Break, Armor Crush;10538 EXP , 6144 Coins , No Item;(45)
2;Bombander;548;0;110;0;541;224;141;10;1;95;85;115;95;100;25;175;100;Attack, Fiery Blast, Supernova, Dragon Fume, Heat Stun;624 EXP , 325 Coins , Golem Core (ICC 7);(46)
2;Sky Dragon;657;0;111;0;562;232;191;22;1;95;95;95;110;175;100;72;25;Attack, Spark Plasma, Storm Breath, Poison Flow;686 EXP , 358 Coins , Orihalcon (ICC 8);(46)
2;Mad Demon;745;0;96;4;567;234;213;29;1;100;85;85;85;127;100;100;72;Attack, Grand Gaia, Condemn, Thorny Grave, Vital Moon;671 EXP , 363 Coins , Lachesis' Rule (ICC 9);(46)
2;Grave Wight;460;0;20;0;530;213;151;11;1;100;95;80;80;25;72;7;48;Attack, Haunt, Crusher Grip;551 EXP , 379 Coins , Psy Crystal (ICC 6);(46)
2;Dullahan;16000;200;300;100;676;269;241;59;3;110;100;100;100;150;190;130;110;Attack, Bind, Haunt, Curse, Condemn, Break, Charon, Formina Sage, True Collide, Djinn Storm, Element Swap;15600 EXP , 6775 Coins , No Item;(46)
